title,permalink,body,published_at,filter,categories,tags,jenis,brand,description,image,image1,image2,image3,image4,image5,product,price,hargadropship,minimalprice,sku,kondisi
Jual Sepatu Boot Wanita - US 025 Murah,us-025,"
     <div class=""product-details""><!--product-details-->
      <div class=""col-sm-5"">
       <div class=""view-product"">
        <img src=""{{ page.image }}"" alt=""{{ page.product }}"" title=""{{ page.product }}"" />
        <h3><a style=""text-decoration: none; color: #ffffff"" href=""{{ page.image }}"" target=""_blank"" title=""Klik disini untuk memperbesar"">ZOOM</a></h3>
       </div>
      </div>

      <div class=""col-sm-7"">
       <div class=""product-information""><!--/product-information-->
        <h1>{{ page.product }}</h1>
        <p>SKU: {{ page.sku }}</p>
        <img src=""{{ site.url }}/img/rating.png"" alt=""rating"" title=""rating"" /><br>
        <span>
         <span>{{ page.price }}</span>        
         <label>Beli:<a href=""{{ site.url }}/beli"" target=""_blank"" title=""Beli Sekarang"">
           <script type=""text/javascript"">
   <!--
   document.write(unescape('%3c%62%75%74%74%6f%6e%20%74%79%70%65%3d%22%62%75%74%74%6f%6e%22%20%63%6c%61%73%73%3d%22%62%74%6e%20%62%74%6e%2d%66%65%66%61%75%6c%74%20%63%61%72%74%22%3e%0d%0a%09%3c%69%20%63%6c%61%73%73%3d%22%66%61%20%66%61%2d%73%68%6f%70%70%69%6e%67%2d%63%61%72%74%22%3e%3c%2f%69%3e%0d%0a%09%42%65%6c%69%20%53%65%6b%61%72%61%6e%67%0d%0a%3c%2f%62%75%74%74%6f%6e%3e'));
   //-->
   </script>
          </a>
         </label>
        </span>
        {% include dropship-login.html %} 
        <p><b>Kondisi:</b> {{ page.kondisi }}</p>
        <p><b>Deskripsi:</b> {{ page.description }}</p>
        {% include shareit.html %}
       </div><!--/product-information-->
      </div>
     </div><!--/product-details-->
     
     <div class=""category-tab shop-details-tab""><!--category-tab-->
      <div class=""col-sm-12"">
       <ul class=""nav nav-tabs"">
        <li class=""active""><a href=""{{ site.url }}{{ page.url }}#keterangan"" data-toggle=""tab"" title=""Keterangan"">Keterangan</a></li>        
       </ul>
      </div>
      <div class=""tab-content"">
       <div class=""tab-pane fade active in"" id=""keterangan"" >
        <div class=""col-sm-12"">
         <h2>{{ page.product }}</h2>         
         <ol class=""breadcrumb"">
            <li class=""active"">Tag :</li>
            <li><a href=""{{ site.url }}/{{ page.jenis }}"" title=""{{ page.jenis }}"">{{ page.jenis }}</a></li>
            <li><a href=""{{ site.url }}/{{ page.brand }}"" title=""{{ page.brand }}"">{{ page.brand }}</a></li>  
         </ol>         
         <p>Sepatu Boot Wanita - US 025 adalah salah satu produk merek Catenzo. Produk fashion handmade asal Bandung yang nyaman digunakan dan tidak pasaran. Cocok untuk Anda agar terlihat lebih gaya, tampil berbeda dan percaya diri. <br/>Kode : US 025<br/>Warna : HITAM<br/>Bahan : KULIT<br/>Ukuran : 36 ~ 40<br/>Berat : 900 gram<br/>Info Lainnya = SOL : TPR, 5 CM<br/>Yuk dibeli kak sebelum kehabisan. Sebelum membeli, harap cek/konfirmasi stok dulu ya kak, karena perputaran barang sangat cepat.<br>
         </p>

         <p><b>Gambar lain :</b></p>
                    <div class=""add-image"">
                      <a href=""{{ page.image1 }}"" target=""_blank"" title=""{{ page.product }}""><img src=""{{ page.image1 }}"" onerror=""this.src='{{ site.url }}/img/not-found.png'"" alt="""" title=""Klik untuk memperbesar"" /></a>
                      <a href=""{{ page.image2 }}"" target=""_blank"" title=""{{ page.product }}""><img src=""{{ page.image2 }}"" onerror=""this.src='{{ site.url }}/img/not-found.png'"" alt="""" title=""Klik untuk memperbesar"" /></a>
                      <a href=""{{ page.image3 }}"" target=""_blank"" title=""{{ page.product }}""><img src=""{{ page.image3 }}"" onerror=""this.src='{{ site.url }}/img/not-found.png'"" alt="""" title=""Klik untuk memperbesar"" /></a>
                      <a href=""{{ page.image4 }}"" target=""_blank"" title=""{{ page.product }}""><img src=""{{ page.image4 }}"" onerror=""this.src='{{ site.url }}/img/not-found.png'"" alt="""" title=""Klik untuk memperbesar"" /></a>
                      <a href=""{{ page.image5 }}"" target=""_blank"" title=""{{ page.product }}""><img src=""{{ page.image5 }}"" onerror=""this.src='{{ site.url }}/img/not-found.png'"" alt="""" title=""Klik untuk memperbesar"" /></a>                                            
                    </div>
                    <br/>

         <p style=""background-color: #5cb85c; color: #ffffff; padding: 5px; text-align: justify; display: inline-block; box-shadow: 0 1px 3px rgba(0,0,0,0.12), 0 1px 2px rgba(0,0,0,0.24);"">
         Gudang : WRH-1<br>
         Lokasi : Bandung</p>

         {% include disqus.html %}
         
        </div>
       </div>       
       
      </div>
     </div><!--/category-tab-->",2019-01-16,html,sepatu-boots-wanita,catenzo,sepatu-boots-wanita,catenzo,"Sepatu Boots Wanita Bahan KULIT, Warna HITAM, Size 36 ~ 40",https://images.lipatan.com/katalog-catenzo-2019/foto-produk-satuan/us-025.jpg,https://images.lipatan.com/foto-berbagai-sudut/catenzo/us-025-a.jpg,https://images.lipatan.com/foto-berbagai-sudut/catenzo/us-025-b.jpg,https://images.lipatan.com/foto-berbagai-sudut/catenzo/us-025-c.jpg,https://images.lipatan.com/foto-berbagai-sudut/catenzo/us-025-d.jpg,https://images.lipatan.com/foto-berbagai-sudut/raindoz/us-025-e.jpg,Sepatu Boot Wanita - US 025,Rp 229.900,Rp 188.900,Rp 207.900,US 025,Baru
Jual Sepatu Semi Boot Wanita - US 043 Murah,us-043,"
     <div class=""product-details""><!--product-details-->
      <div class=""col-sm-5"">
       <div class=""view-product"">
        <img src=""{{ page.image }}"" alt=""{{ page.product }}"" title=""{{ page.product }}"" />
        <h3><a style=""text-decoration: none; color: #ffffff"" href=""{{ page.image }}"" target=""_blank"" title=""Klik disini untuk memperbesar"">ZOOM</a></h3>
       </div>
      </div>

      <div class=""col-sm-7"">
       <div class=""product-information""><!--/product-information-->
        <h1>{{ page.product }}</h1>
        <p>SKU: {{ page.sku }}</p>
        <img src=""{{ site.url }}/img/rating.png"" alt=""rating"" title=""rating"" /><br>
        <span>
         <span>{{ page.price }}</span>        
         <label>Beli:<a href=""{{ site.url }}/beli"" target=""_blank"" title=""Beli Sekarang"">
           <script type=""text/javascript"">
   <!--
   document.write(unescape('%3c%62%75%74%74%6f%6e%20%74%79%70%65%3d%22%62%75%74%74%6f%6e%22%20%63%6c%61%73%73%3d%22%62%74%6e%20%62%74%6e%2d%66%65%66%61%75%6c%74%20%63%61%72%74%22%3e%0d%0a%09%3c%69%20%63%6c%61%73%73%3d%22%66%61%20%66%61%2d%73%68%6f%70%70%69%6e%67%2d%63%61%72%74%22%3e%3c%2f%69%3e%0d%0a%09%42%65%6c%69%20%53%65%6b%61%72%61%6e%67%0d%0a%3c%2f%62%75%74%74%6f%6e%3e'));
   //-->
   </script>
          </a>
         </label>
        </span>
        {% include dropship-login.html %} 
        <p><b>Kondisi:</b> {{ page.kondisi }}</p>
        <p><b>Deskripsi:</b> {{ page.description }}</p>
        {% include shareit.html %}
       </div><!--/product-information-->
      </div>
     </div><!--/product-details-->
     
     <div class=""category-tab shop-details-tab""><!--category-tab-->
      <div class=""col-sm-12"">
       <ul class=""nav nav-tabs"">
        <li class=""active""><a href=""{{ site.url }}{{ page.url }}#keterangan"" data-toggle=""tab"" title=""Keterangan"">Keterangan</a></li>        
       </ul>
      </div>
      <div class=""tab-content"">
       <div class=""tab-pane fade active in"" id=""keterangan"" >
        <div class=""col-sm-12"">
         <h2>{{ page.product }}</h2>         
         <ol class=""breadcrumb"">
            <li class=""active"">Tag :</li>
            <li><a href=""{{ site.url }}/{{ page.jenis }}"" title=""{{ page.jenis }}"">{{ page.jenis }}</a></li>
            <li><a href=""{{ site.url }}/{{ page.brand }}"" title=""{{ page.brand }}"">{{ page.brand }}</a></li>  
         </ol>         
         <p>Sepatu Semi Boot Wanita - US 043 adalah salah satu produk merek Catenzo. Produk fashion handmade asal Bandung yang nyaman digunakan dan tidak pasaran. Cocok untuk Anda agar terlihat lebih gaya, tampil berbeda dan percaya diri. <br/>Kode : US 043<br/>Warna : HITAM<br/>Bahan : KULIT<br/>Ukuran : 36 ~ 40<br/>Berat : 850 gram<br/>Info Lainnya = SOL : TPR , 5 CM<br/>Yuk dibeli kak sebelum kehabisan. Sebelum membeli, harap cek/konfirmasi stok dulu ya kak, karena perputaran barang sangat cepat.<br>
         </p>

         <p><b>Gambar lain :</b></p>
                    <div class=""add-image"">
                      <a href=""{{ page.image1 }}"" target=""_blank"" title=""{{ page.product }}""><img src=""{{ page.image1 }}"" onerror=""this.src='{{ site.url }}/img/not-found.png'"" alt="""" title=""Klik untuk memperbesar"" /></a>
                      <a href=""{{ page.image2 }}"" target=""_blank"" title=""{{ page.product }}""><img src=""{{ page.image2 }}"" onerror=""this.src='{{ site.url }}/img/not-found.png'"" alt="""" title=""Klik untuk memperbesar"" /></a>
                      <a href=""{{ page.image3 }}"" target=""_blank"" title=""{{ page.product }}""><img src=""{{ page.image3 }}"" onerror=""this.src='{{ site.url }}/img/not-found.png'"" alt="""" title=""Klik untuk memperbesar"" /></a>
                      <a href=""{{ page.image4 }}"" target=""_blank"" title=""{{ page.product }}""><img src=""{{ page.image4 }}"" onerror=""this.src='{{ site.url }}/img/not-found.png'"" alt="""" title=""Klik untuk memperbesar"" /></a>
                      <a href=""{{ page.image5 }}"" target=""_blank"" title=""{{ page.product }}""><img src=""{{ page.image5 }}"" onerror=""this.src='{{ site.url }}/img/not-found.png'"" alt="""" title=""Klik untuk memperbesar"" /></a>                                            
                    </div>
                    <br/>

         <p style=""background-color: #5cb85c; color: #ffffff; padding: 5px; text-align: justify; display: inline-block; box-shadow: 0 1px 3px rgba(0,0,0,0.12), 0 1px 2px rgba(0,0,0,0.24);"">
         Gudang : WRH-1<br>
         Lokasi : Bandung</p>

         {% include disqus.html %}
         
        </div>
       </div>       
       
      </div>
     </div><!--/category-tab-->",2019-01-16,html,sepatu-boots-wanita,catenzo,sepatu-boots-wanita,catenzo,"Sepatu Boots Wanita Bahan KULIT, Warna HITAM, Size 36 ~ 40",https://images.lipatan.com/katalog-catenzo-2019/foto-produk-satuan/us-043.jpg,https://images.lipatan.com/foto-berbagai-sudut/catenzo/us-043-a.jpg,https://images.lipatan.com/foto-berbagai-sudut/catenzo/us-043-b.jpg,https://images.lipatan.com/foto-berbagai-sudut/catenzo/us-043-c.jpg,https://images.lipatan.com/foto-berbagai-sudut/catenzo/us-043-d.jpg,https://images.lipatan.com/foto-berbagai-sudut/raindoz/us-043-e.jpg,Sepatu Semi Boot Wanita - US 043,Rp 236.900,Rp 193.900,Rp 213.900,US 043,Baru
Jual Sepatu Semi Boot Wanita - DH 065 Murah,dh-065,"
     <div class=""product-details""><!--product-details-->
      <div class=""col-sm-5"">
       <div class=""view-product"">
        <img src=""{{ page.image }}"" alt=""{{ page.product }}"" title=""{{ page.product }}"" />
        <h3><a style=""text-decoration: none; color: #ffffff"" href=""{{ page.image }}"" target=""_blank"" title=""Klik disini untuk memperbesar"">ZOOM</a></h3>
       </div>
      </div>

      <div class=""col-sm-7"">
       <div class=""product-information""><!--/product-information-->
        <h1>{{ page.product }}</h1>
        <p>SKU: {{ page.sku }}</p>
        <img src=""{{ site.url }}/img/rating.png"" alt=""rating"" title=""rating"" /><br>
        <span>
         <span>{{ page.price }}</span>        
         <label>Beli:<a href=""{{ site.url }}/beli"" target=""_blank"" title=""Beli Sekarang"">
           <script type=""text/javascript"">
   <!--
   document.write(unescape('%3c%62%75%74%74%6f%6e%20%74%79%70%65%3d%22%62%75%74%74%6f%6e%22%20%63%6c%61%73%73%3d%22%62%74%6e%20%62%74%6e%2d%66%65%66%61%75%6c%74%20%63%61%72%74%22%3e%0d%0a%09%3c%69%20%63%6c%61%73%73%3d%22%66%61%20%66%61%2d%73%68%6f%70%70%69%6e%67%2d%63%61%72%74%22%3e%3c%2f%69%3e%0d%0a%09%42%65%6c%69%20%53%65%6b%61%72%61%6e%67%0d%0a%3c%2f%62%75%74%74%6f%6e%3e'));
   //-->
   </script>
          </a>
         </label>
        </span>
        {% include dropship-login.html %} 
        <p><b>Kondisi:</b> {{ page.kondisi }}</p>
        <p><b>Deskripsi:</b> {{ page.description }}</p>
        {% include shareit.html %}
       </div><!--/product-information-->
      </div>
     </div><!--/product-details-->
     
     <div class=""category-tab shop-details-tab""><!--category-tab-->
      <div class=""col-sm-12"">
       <ul class=""nav nav-tabs"">
        <li class=""active""><a href=""{{ site.url }}{{ page.url }}#keterangan"" data-toggle=""tab"" title=""Keterangan"">Keterangan</a></li>        
       </ul>
      </div>
      <div class=""tab-content"">
       <div class=""tab-pane fade active in"" id=""keterangan"" >
        <div class=""col-sm-12"">
         <h2>{{ page.product }}</h2>         
         <ol class=""breadcrumb"">
            <li class=""active"">Tag :</li>
            <li><a href=""{{ site.url }}/{{ page.jenis }}"" title=""{{ page.jenis }}"">{{ page.jenis }}</a></li>
            <li><a href=""{{ site.url }}/{{ page.brand }}"" title=""{{ page.brand }}"">{{ page.brand }}</a></li>  
         </ol>         
         <p>Sepatu Semi Boot Wanita - DH 065 adalah salah satu produk merek Catenzo. Produk fashion handmade asal Bandung yang nyaman digunakan dan tidak pasaran. Cocok untuk Anda agar terlihat lebih gaya, tampil berbeda dan percaya diri. <br/>Kode : DH 065<br/>Warna : CREAM<br/>Bahan : SINTETIS<br/>Ukuran : 36 ~ 40<br/>Berat : 950 gram<br/>Info Lainnya = SOL : TPR<br/>Yuk dibeli kak sebelum kehabisan. Sebelum membeli, harap cek/konfirmasi stok dulu ya kak, karena perputaran barang sangat cepat.<br>
         </p>

         <p><b>Gambar lain :</b></p>
                    <div class=""add-image"">
                      <a href=""{{ page.image1 }}"" target=""_blank"" title=""{{ page.product }}""><img src=""{{ page.image1 }}"" onerror=""this.src='{{ site.url }}/img/not-found.png'"" alt="""" title=""Klik untuk memperbesar"" /></a>
                      <a href=""{{ page.image2 }}"" target=""_blank"" title=""{{ page.product }}""><img src=""{{ page.image2 }}"" onerror=""this.src='{{ site.url }}/img/not-found.png'"" alt="""" title=""Klik untuk memperbesar"" /></a>
                      <a href=""{{ page.image3 }}"" target=""_blank"" title=""{{ page.product }}""><img src=""{{ page.image3 }}"" onerror=""this.src='{{ site.url }}/img/not-found.png'"" alt="""" title=""Klik untuk memperbesar"" /></a>
                      <a href=""{{ page.image4 }}"" target=""_blank"" title=""{{ page.product }}""><img src=""{{ page.image4 }}"" onerror=""this.src='{{ site.url }}/img/not-found.png'"" alt="""" title=""Klik untuk memperbesar"" /></a>
                      <a href=""{{ page.image5 }}"" target=""_blank"" title=""{{ page.product }}""><img src=""{{ page.image5 }}"" onerror=""this.src='{{ site.url }}/img/not-found.png'"" alt="""" title=""Klik untuk memperbesar"" /></a>                                            
                    </div>
                    <br/>

         <p style=""background-color: #5cb85c; color: #ffffff; padding: 5px; text-align: justify; display: inline-block; box-shadow: 0 1px 3px rgba(0,0,0,0.12), 0 1px 2px rgba(0,0,0,0.24);"">
         Gudang : WRH-1<br>
         Lokasi : Bandung</p>

         {% include disqus.html %}
         
        </div>
       </div>       
       
      </div>
     </div><!--/category-tab-->",2019-01-16,html,sepatu-boots-wanita,catenzo,sepatu-boots-wanita,catenzo,"Sepatu Boots Wanita Bahan SINTETIS, Warna CREAM, Size 36 ~ 40",https://images.lipatan.com/katalog-catenzo-2019/foto-produk-satuan/dh-065.jpg,https://images.lipatan.com/foto-berbagai-sudut/catenzo/dh-065-a.jpg,https://images.lipatan.com/foto-berbagai-sudut/catenzo/dh-065-b.jpg,https://images.lipatan.com/foto-berbagai-sudut/catenzo/dh-065-c.jpg,https://images.lipatan.com/foto-berbagai-sudut/catenzo/dh-065-d.jpg,https://images.lipatan.com/foto-berbagai-sudut/raindoz/dh-065-e.jpg,Sepatu Semi Boot Wanita - DH 065,Rp 174.900,Rp 142.900,Rp 157.900,DH 065,Baru
Jual Sepatu Boot Wanita - AY 605 Murah,ay-605,"
     <div class=""product-details""><!--product-details-->
      <div class=""col-sm-5"">
       <div class=""view-product"">
        <img src=""{{ page.image }}"" alt=""{{ page.product }}"" title=""{{ page.product }}"" />
        <h3><a style=""text-decoration: none; color: #ffffff"" href=""{{ page.image }}"" target=""_blank"" title=""Klik disini untuk memperbesar"">ZOOM</a></h3>
       </div>
      </div>

      <div class=""col-sm-7"">
       <div class=""product-information""><!--/product-information-->
        <h1>{{ page.product }}</h1>
        <p>SKU: {{ page.sku }}</p>
        <img src=""{{ site.url }}/img/rating.png"" alt=""rating"" title=""rating"" /><br>
        <span>
         <span>{{ page.price }}</span>        
         <label>Beli:<a href=""{{ site.url }}/beli"" target=""_blank"" title=""Beli Sekarang"">
           <script type=""text/javascript"">
   <!--
   document.write(unescape('%3c%62%75%74%74%6f%6e%20%74%79%70%65%3d%22%62%75%74%74%6f%6e%22%20%63%6c%61%73%73%3d%22%62%74%6e%20%62%74%6e%2d%66%65%66%61%75%6c%74%20%63%61%72%74%22%3e%0d%0a%09%3c%69%20%63%6c%61%73%73%3d%22%66%61%20%66%61%2d%73%68%6f%70%70%69%6e%67%2d%63%61%72%74%22%3e%3c%2f%69%3e%0d%0a%09%42%65%6c%69%20%53%65%6b%61%72%61%6e%67%0d%0a%3c%2f%62%75%74%74%6f%6e%3e'));
   //-->
   </script>
          </a>
         </label>
        </span>
        {% include dropship-login.html %} 
        <p><b>Kondisi:</b> {{ page.kondisi }}</p>
        <p><b>Deskripsi:</b> {{ page.description }}</p>
        {% include shareit.html %}
       </div><!--/product-information-->
      </div>
     </div><!--/product-details-->
     
     <div class=""category-tab shop-details-tab""><!--category-tab-->
      <div class=""col-sm-12"">
       <ul class=""nav nav-tabs"">
        <li class=""active""><a href=""{{ site.url }}{{ page.url }}#keterangan"" data-toggle=""tab"" title=""Keterangan"">Keterangan</a></li>        
       </ul>
      </div>
      <div class=""tab-content"">
       <div class=""tab-pane fade active in"" id=""keterangan"" >
        <div class=""col-sm-12"">
         <h2>{{ page.product }}</h2>         
         <ol class=""breadcrumb"">
            <li class=""active"">Tag :</li>
            <li><a href=""{{ site.url }}/{{ page.jenis }}"" title=""{{ page.jenis }}"">{{ page.jenis }}</a></li>
            <li><a href=""{{ site.url }}/{{ page.brand }}"" title=""{{ page.brand }}"">{{ page.brand }}</a></li>  
         </ol>         
         <p>Sepatu Boot Wanita - AY 605 adalah salah satu produk merek Catenzo. Produk fashion handmade asal Bandung yang nyaman digunakan dan tidak pasaran. Cocok untuk Anda agar terlihat lebih gaya, tampil berbeda dan percaya diri. <br/>Kode : AY 605<br/>Warna : HITAM<br/>Bahan : SINTETIS<br/>Ukuran : 36 ~ 40<br/>Berat : 900 gram<br/>Info Lainnya = SOL : RUBBER<br/>Yuk dibeli kak sebelum kehabisan. Sebelum membeli, harap cek/konfirmasi stok dulu ya kak, karena perputaran barang sangat cepat.<br>
         </p>

         <p><b>Gambar lain :</b></p>
                    <div class=""add-image"">
                      <a href=""{{ page.image1 }}"" target=""_blank"" title=""{{ page.product }}""><img src=""{{ page.image1 }}"" onerror=""this.src='{{ site.url }}/img/not-found.png'"" alt="""" title=""Klik untuk memperbesar"" /></a>
                      <a href=""{{ page.image2 }}"" target=""_blank"" title=""{{ page.product }}""><img src=""{{ page.image2 }}"" onerror=""this.src='{{ site.url }}/img/not-found.png'"" alt="""" title=""Klik untuk memperbesar"" /></a>
                      <a href=""{{ page.image3 }}"" target=""_blank"" title=""{{ page.product }}""><img src=""{{ page.image3 }}"" onerror=""this.src='{{ site.url }}/img/not-found.png'"" alt="""" title=""Klik untuk memperbesar"" /></a>
                      <a href=""{{ page.image4 }}"" target=""_blank"" title=""{{ page.product }}""><img src=""{{ page.image4 }}"" onerror=""this.src='{{ site.url }}/img/not-found.png'"" alt="""" title=""Klik untuk memperbesar"" /></a>
                      <a href=""{{ page.image5 }}"" target=""_blank"" title=""{{ page.product }}""><img src=""{{ page.image5 }}"" onerror=""this.src='{{ site.url }}/img/not-found.png'"" alt="""" title=""Klik untuk memperbesar"" /></a>                                            
                    </div>
                    <br/>

         <p style=""background-color: #5cb85c; color: #ffffff; padding: 5px; text-align: justify; display: inline-block; box-shadow: 0 1px 3px rgba(0,0,0,0.12), 0 1px 2px rgba(0,0,0,0.24);"">
         Gudang : WRH-1<br>
         Lokasi : Bandung</p>

         {% include disqus.html %}
         
        </div>
       </div>       
       
      </div>
     </div><!--/category-tab-->",2019-01-16,html,sepatu-boots-wanita,catenzo,sepatu-boots-wanita,catenzo,"Sepatu Boots Wanita Bahan SINTETIS, Warna HITAM, Size 36 ~ 40",https://images.lipatan.com/katalog-catenzo-2019/foto-produk-satuan/ay-605.jpg,https://images.lipatan.com/foto-berbagai-sudut/catenzo/ay-605-a.jpg,https://images.lipatan.com/foto-berbagai-sudut/catenzo/ay-605-b.jpg,https://images.lipatan.com/foto-berbagai-sudut/catenzo/ay-605-c.jpg,https://images.lipatan.com/foto-berbagai-sudut/catenzo/ay-605-d.jpg,https://images.lipatan.com/foto-berbagai-sudut/raindoz/ay-605-e.jpg,Sepatu Boot Wanita - AY 605,Rp 229.900,Rp 188.900,Rp 207.900,AY 605,Baru
Jual Sepatu Boot Wanita - YE 112 Murah,ye-112,"
     <div class=""product-details""><!--product-details-->
      <div class=""col-sm-5"">
       <div class=""view-product"">
        <img src=""{{ page.image }}"" alt=""{{ page.product }}"" title=""{{ page.product }}"" />
        <h3><a style=""text-decoration: none; color: #ffffff"" href=""{{ page.image }}"" target=""_blank"" title=""Klik disini untuk memperbesar"">ZOOM</a></h3>
       </div>
      </div>

      <div class=""col-sm-7"">
       <div class=""product-information""><!--/product-information-->
        <h1>{{ page.product }}</h1>
        <p>SKU: {{ page.sku }}</p>
        <img src=""{{ site.url }}/img/rating.png"" alt=""rating"" title=""rating"" /><br>
        <span>
         <span>{{ page.price }}</span>        
         <label>Beli:<a href=""{{ site.url }}/beli"" target=""_blank"" title=""Beli Sekarang"">
           <script type=""text/javascript"">
   <!--
   document.write(unescape('%3c%62%75%74%74%6f%6e%20%74%79%70%65%3d%22%62%75%74%74%6f%6e%22%20%63%6c%61%73%73%3d%22%62%74%6e%20%62%74%6e%2d%66%65%66%61%75%6c%74%20%63%61%72%74%22%3e%0d%0a%09%3c%69%20%63%6c%61%73%73%3d%22%66%61%20%66%61%2d%73%68%6f%70%70%69%6e%67%2d%63%61%72%74%22%3e%3c%2f%69%3e%0d%0a%09%42%65%6c%69%20%53%65%6b%61%72%61%6e%67%0d%0a%3c%2f%62%75%74%74%6f%6e%3e'));
   //-->
   </script>
          </a>
         </label>
        </span>
        {% include dropship-login.html %} 
        <p><b>Kondisi:</b> {{ page.kondisi }}</p>
        <p><b>Deskripsi:</b> {{ page.description }}</p>
        {% include shareit.html %}
       </div><!--/product-information-->
      </div>
     </div><!--/product-details-->
     
     <div class=""category-tab shop-details-tab""><!--category-tab-->
      <div class=""col-sm-12"">
       <ul class=""nav nav-tabs"">
        <li class=""active""><a href=""{{ site.url }}{{ page.url }}#keterangan"" data-toggle=""tab"" title=""Keterangan"">Keterangan</a></li>        
       </ul>
      </div>
      <div class=""tab-content"">
       <div class=""tab-pane fade active in"" id=""keterangan"" >
        <div class=""col-sm-12"">
         <h2>{{ page.product }}</h2>         
         <ol class=""breadcrumb"">
            <li class=""active"">Tag :</li>
            <li><a href=""{{ site.url }}/{{ page.jenis }}"" title=""{{ page.jenis }}"">{{ page.jenis }}</a></li>
            <li><a href=""{{ site.url }}/{{ page.brand }}"" title=""{{ page.brand }}"">{{ page.brand }}</a></li>  
         </ol>         
         <p>Sepatu Boot Wanita - YE 112 adalah salah satu produk merek Catenzo. Produk fashion handmade asal Bandung yang nyaman digunakan dan tidak pasaran. Cocok untuk Anda agar terlihat lebih gaya, tampil berbeda dan percaya diri. <br/>Kode : YE 112<br/>Warna : TAN<br/>Bahan : SINTETIS<br/>Ukuran : 36 ~ 41<br/>Berat : 750 gram<br/>Info Lainnya = SOL : FIBER<br/>Yuk dibeli kak sebelum kehabisan. Sebelum membeli, harap cek/konfirmasi stok dulu ya kak, karena perputaran barang sangat cepat.<br>
         </p>

         <p><b>Gambar lain :</b></p>
                    <div class=""add-image"">
                      <a href=""{{ page.image1 }}"" target=""_blank"" title=""{{ page.product }}""><img src=""{{ page.image1 }}"" onerror=""this.src='{{ site.url }}/img/not-found.png'"" alt="""" title=""Klik untuk memperbesar"" /></a>
                      <a href=""{{ page.image2 }}"" target=""_blank"" title=""{{ page.product }}""><img src=""{{ page.image2 }}"" onerror=""this.src='{{ site.url }}/img/not-found.png'"" alt="""" title=""Klik untuk memperbesar"" /></a>
                      <a href=""{{ page.image3 }}"" target=""_blank"" title=""{{ page.product }}""><img src=""{{ page.image3 }}"" onerror=""this.src='{{ site.url }}/img/not-found.png'"" alt="""" title=""Klik untuk memperbesar"" /></a>
                      <a href=""{{ page.image4 }}"" target=""_blank"" title=""{{ page.product }}""><img src=""{{ page.image4 }}"" onerror=""this.src='{{ site.url }}/img/not-found.png'"" alt="""" title=""Klik untuk memperbesar"" /></a>
                      <a href=""{{ page.image5 }}"" target=""_blank"" title=""{{ page.product }}""><img src=""{{ page.image5 }}"" onerror=""this.src='{{ site.url }}/img/not-found.png'"" alt="""" title=""Klik untuk memperbesar"" /></a>                                            
                    </div>
                    <br/>

         <p style=""background-color: #5cb85c; color: #ffffff; padding: 5px; text-align: justify; display: inline-block; box-shadow: 0 1px 3px rgba(0,0,0,0.12), 0 1px 2px rgba(0,0,0,0.24);"">
         Gudang : WRH-1<br>
         Lokasi : Bandung</p>

         {% include disqus.html %}
         
        </div>
       </div>       
       
      </div>
     </div><!--/category-tab-->",2019-01-16,html,sepatu-boots-wanita,catenzo,sepatu-boots-wanita,catenzo,"Sepatu Boots Wanita Bahan SINTETIS, Warna TAN, Size 36 ~ 41",https://images.lipatan.com/katalog-catenzo-2019/foto-produk-satuan/ye-112.jpg,https://images.lipatan.com/foto-berbagai-sudut/catenzo/ye-112-a.jpg,https://images.lipatan.com/foto-berbagai-sudut/catenzo/ye-112-b.jpg,https://images.lipatan.com/foto-berbagai-sudut/catenzo/ye-112-c.jpg,https://images.lipatan.com/foto-berbagai-sudut/catenzo/ye-112-d.jpg,https://images.lipatan.com/foto-berbagai-sudut/raindoz/ye-112-e.jpg,Sepatu Boot Wanita - YE 112,Rp 169.900,Rp 138.900,Rp 152.900,YE 112,Baru
Jual Sepatu Semi Boot Wanita - DO 048 Murah,do-048,"
     <div class=""product-details""><!--product-details-->
      <div class=""col-sm-5"">
       <div class=""view-product"">
        <img src=""{{ page.image }}"" alt=""{{ page.product }}"" title=""{{ page.product }}"" />
        <h3><a style=""text-decoration: none; color: #ffffff"" href=""{{ page.image }}"" target=""_blank"" title=""Klik disini untuk memperbesar"">ZOOM</a></h3>
       </div>
      </div>

      <div class=""col-sm-7"">
       <div class=""product-information""><!--/product-information-->
        <h1>{{ page.product }}</h1>
        <p>SKU: {{ page.sku }}</p>
        <img src=""{{ site.url }}/img/rating.png"" alt=""rating"" title=""rating"" /><br>
        <span>
         <span>{{ page.price }}</span>        
         <label>Beli:<a href=""{{ site.url }}/beli"" target=""_blank"" title=""Beli Sekarang"">
           <script type=""text/javascript"">
   <!--
   document.write(unescape('%3c%62%75%74%74%6f%6e%20%74%79%70%65%3d%22%62%75%74%74%6f%6e%22%20%63%6c%61%73%73%3d%22%62%74%6e%20%62%74%6e%2d%66%65%66%61%75%6c%74%20%63%61%72%74%22%3e%0d%0a%09%3c%69%20%63%6c%61%73%73%3d%22%66%61%20%66%61%2d%73%68%6f%70%70%69%6e%67%2d%63%61%72%74%22%3e%3c%2f%69%3e%0d%0a%09%42%65%6c%69%20%53%65%6b%61%72%61%6e%67%0d%0a%3c%2f%62%75%74%74%6f%6e%3e'));
   //-->
   </script>
          </a>
         </label>
        </span>
        {% include dropship-login.html %} 
        <p><b>Kondisi:</b> {{ page.kondisi }}</p>
        <p><b>Deskripsi:</b> {{ page.description }}</p>
        {% include shareit.html %}
       </div><!--/product-information-->
      </div>
     </div><!--/product-details-->
     
     <div class=""category-tab shop-details-tab""><!--category-tab-->
      <div class=""col-sm-12"">
       <ul class=""nav nav-tabs"">
        <li class=""active""><a href=""{{ site.url }}{{ page.url }}#keterangan"" data-toggle=""tab"" title=""Keterangan"">Keterangan</a></li>        
       </ul>
      </div>
      <div class=""tab-content"">
       <div class=""tab-pane fade active in"" id=""keterangan"" >
        <div class=""col-sm-12"">
         <h2>{{ page.product }}</h2>         
         <ol class=""breadcrumb"">
            <li class=""active"">Tag :</li>
            <li><a href=""{{ site.url }}/{{ page.jenis }}"" title=""{{ page.jenis }}"">{{ page.jenis }}</a></li>
            <li><a href=""{{ site.url }}/{{ page.brand }}"" title=""{{ page.brand }}"">{{ page.brand }}</a></li>  
         </ol>         
         <p>Sepatu Semi Boot Wanita - DO 048 adalah salah satu produk merek Catenzo. Produk fashion handmade asal Bandung yang nyaman digunakan dan tidak pasaran. Cocok untuk Anda agar terlihat lebih gaya, tampil berbeda dan percaya diri. <br/>Kode : DO 048<br/>Warna : PUTIH KOMBINASI<br/>Bahan : SINTETIS<br/>Ukuran : 36 ~ 40<br/>Berat : 1000 gram<br/>Info Lainnya = SOL : TPR<br/>Yuk dibeli kak sebelum kehabisan. Sebelum membeli, harap cek/konfirmasi stok dulu ya kak, karena perputaran barang sangat cepat.<br>
         </p>

         <p><b>Gambar lain :</b></p>
                    <div class=""add-image"">
                      <a href=""{{ page.image1 }}"" target=""_blank"" title=""{{ page.product }}""><img src=""{{ page.image1 }}"" onerror=""this.src='{{ site.url }}/img/not-found.png'"" alt="""" title=""Klik untuk memperbesar"" /></a>
                      <a href=""{{ page.image2 }}"" target=""_blank"" title=""{{ page.product }}""><img src=""{{ page.image2 }}"" onerror=""this.src='{{ site.url }}/img/not-found.png'"" alt="""" title=""Klik untuk memperbesar"" /></a>
                      <a href=""{{ page.image3 }}"" target=""_blank"" title=""{{ page.product }}""><img src=""{{ page.image3 }}"" onerror=""this.src='{{ site.url }}/img/not-found.png'"" alt="""" title=""Klik untuk memperbesar"" /></a>
                      <a href=""{{ page.image4 }}"" target=""_blank"" title=""{{ page.product }}""><img src=""{{ page.image4 }}"" onerror=""this.src='{{ site.url }}/img/not-found.png'"" alt="""" title=""Klik untuk memperbesar"" /></a>
                      <a href=""{{ page.image5 }}"" target=""_blank"" title=""{{ page.product }}""><img src=""{{ page.image5 }}"" onerror=""this.src='{{ site.url }}/img/not-found.png'"" alt="""" title=""Klik untuk memperbesar"" /></a>                                            
                    </div>
                    <br/>

         <p style=""background-color: #5cb85c; color: #ffffff; padding: 5px; text-align: justify; display: inline-block; box-shadow: 0 1px 3px rgba(0,0,0,0.12), 0 1px 2px rgba(0,0,0,0.24);"">
         Gudang : WRH-1<br>
         Lokasi : Bandung</p>

         {% include disqus.html %}
         
        </div>
       </div>       
       
      </div>
     </div><!--/category-tab-->",2019-01-16,html,sepatu-boots-wanita,catenzo,sepatu-boots-wanita,catenzo,"Sepatu Boots Wanita Bahan SINTETIS, Warna PUTIH KOMBINASI, Size 36 ~ 40",https://images.lipatan.com/katalog-catenzo-2019/foto-produk-satuan/do-048.jpg,https://images.lipatan.com/foto-berbagai-sudut/catenzo/do-048-a.jpg,https://images.lipatan.com/foto-berbagai-sudut/catenzo/do-048-b.jpg,https://images.lipatan.com/foto-berbagai-sudut/catenzo/do-048-c.jpg,https://images.lipatan.com/foto-berbagai-sudut/catenzo/do-048-d.jpg,https://images.lipatan.com/foto-berbagai-sudut/raindoz/do-048-e.jpg,Sepatu Semi Boot Wanita - DO 048,Rp 185.900,Rp 152.900,Rp 167.900,DO 048,Baru
Jual Sepatu Semi Boot Wanita - DO 011 Murah,do-011,"
     <div class=""product-details""><!--product-details-->
      <div class=""col-sm-5"">
       <div class=""view-product"">
        <img src=""{{ page.image }}"" alt=""{{ page.product }}"" title=""{{ page.product }}"" />
        <h3><a style=""text-decoration: none; color: #ffffff"" href=""{{ page.image }}"" target=""_blank"" title=""Klik disini untuk memperbesar"">ZOOM</a></h3>
       </div>
      </div>

      <div class=""col-sm-7"">
       <div class=""product-information""><!--/product-information-->
        <h1>{{ page.product }}</h1>
        <p>SKU: {{ page.sku }}</p>
        <img src=""{{ site.url }}/img/rating.png"" alt=""rating"" title=""rating"" /><br>
        <span>
         <span>{{ page.price }}</span>        
         <label>Beli:<a href=""{{ site.url }}/beli"" target=""_blank"" title=""Beli Sekarang"">
           <script type=""text/javascript"">
   <!--
   document.write(unescape('%3c%62%75%74%74%6f%6e%20%74%79%70%65%3d%22%62%75%74%74%6f%6e%22%20%63%6c%61%73%73%3d%22%62%74%6e%20%62%74%6e%2d%66%65%66%61%75%6c%74%20%63%61%72%74%22%3e%0d%0a%09%3c%69%20%63%6c%61%73%73%3d%22%66%61%20%66%61%2d%73%68%6f%70%70%69%6e%67%2d%63%61%72%74%22%3e%3c%2f%69%3e%0d%0a%09%42%65%6c%69%20%53%65%6b%61%72%61%6e%67%0d%0a%3c%2f%62%75%74%74%6f%6e%3e'));
   //-->
   </script>
          </a>
         </label>
        </span>
        {% include dropship-login.html %} 
        <p><b>Kondisi:</b> {{ page.kondisi }}</p>
        <p><b>Deskripsi:</b> {{ page.description }}</p>
        {% include shareit.html %}
       </div><!--/product-information-->
      </div>
     </div><!--/product-details-->
     
     <div class=""category-tab shop-details-tab""><!--category-tab-->
      <div class=""col-sm-12"">
       <ul class=""nav nav-tabs"">
        <li class=""active""><a href=""{{ site.url }}{{ page.url }}#keterangan"" data-toggle=""tab"" title=""Keterangan"">Keterangan</a></li>        
       </ul>
      </div>
      <div class=""tab-content"">
       <div class=""tab-pane fade active in"" id=""keterangan"" >
        <div class=""col-sm-12"">
         <h2>{{ page.product }}</h2>         
         <ol class=""breadcrumb"">
            <li class=""active"">Tag :</li>
            <li><a href=""{{ site.url }}/{{ page.jenis }}"" title=""{{ page.jenis }}"">{{ page.jenis }}</a></li>
            <li><a href=""{{ site.url }}/{{ page.brand }}"" title=""{{ page.brand }}"">{{ page.brand }}</a></li>  
         </ol>         
         <p>Sepatu Semi Boot Wanita - DO 011 adalah salah satu produk merek Catenzo. Produk fashion handmade asal Bandung yang nyaman digunakan dan tidak pasaran. Cocok untuk Anda agar terlihat lebih gaya, tampil berbeda dan percaya diri. <br/>Kode : DO 011<br/>Warna : PUTIH HITAM<br/>Bahan : SINTETIS<br/>Ukuran : 36 ~ 40<br/>Berat : 1100 gram<br/>Info Lainnya = SOL : TPR<br/>Yuk dibeli kak sebelum kehabisan. Sebelum membeli, harap cek/konfirmasi stok dulu ya kak, karena perputaran barang sangat cepat.<br>
         </p>

         <p><b>Gambar lain :</b></p>
                    <div class=""add-image"">
                      <a href=""{{ page.image1 }}"" target=""_blank"" title=""{{ page.product }}""><img src=""{{ page.image1 }}"" onerror=""this.src='{{ site.url }}/img/not-found.png'"" alt="""" title=""Klik untuk memperbesar"" /></a>
                      <a href=""{{ page.image2 }}"" target=""_blank"" title=""{{ page.product }}""><img src=""{{ page.image2 }}"" onerror=""this.src='{{ site.url }}/img/not-found.png'"" alt="""" title=""Klik untuk memperbesar"" /></a>
                      <a href=""{{ page.image3 }}"" target=""_blank"" title=""{{ page.product }}""><img src=""{{ page.image3 }}"" onerror=""this.src='{{ site.url }}/img/not-found.png'"" alt="""" title=""Klik untuk memperbesar"" /></a>
                      <a href=""{{ page.image4 }}"" target=""_blank"" title=""{{ page.product }}""><img src=""{{ page.image4 }}"" onerror=""this.src='{{ site.url }}/img/not-found.png'"" alt="""" title=""Klik untuk memperbesar"" /></a>
                      <a href=""{{ page.image5 }}"" target=""_blank"" title=""{{ page.product }}""><img src=""{{ page.image5 }}"" onerror=""this.src='{{ site.url }}/img/not-found.png'"" alt="""" title=""Klik untuk memperbesar"" /></a>                                            
                    </div>
                    <br/>

         <p style=""background-color: #5cb85c; color: #ffffff; padding: 5px; text-align: justify; display: inline-block; box-shadow: 0 1px 3px rgba(0,0,0,0.12), 0 1px 2px rgba(0,0,0,0.24);"">
         Gudang : WRH-1<br>
         Lokasi : Bandung</p>

         {% include disqus.html %}
         
        </div>
       </div>       
       
      </div>
     </div><!--/category-tab-->",2019-01-16,html,sepatu-boots-wanita,catenzo,sepatu-boots-wanita,catenzo,"Sepatu Boots Wanita Bahan SINTETIS, Warna PUTIH HITAM, Size 36 ~ 40",https://images.lipatan.com/katalog-catenzo-2019/foto-produk-satuan/do-011.jpg,https://images.lipatan.com/foto-berbagai-sudut/catenzo/do-011-a.jpg,https://images.lipatan.com/foto-berbagai-sudut/catenzo/do-011-b.jpg,https://images.lipatan.com/foto-berbagai-sudut/catenzo/do-011-c.jpg,https://images.lipatan.com/foto-berbagai-sudut/catenzo/do-011-d.jpg,https://images.lipatan.com/foto-berbagai-sudut/raindoz/do-011-e.jpg,Sepatu Semi Boot Wanita - DO 011,Rp 191.900,Rp 156.900,Rp 172.900,DO 011,Baru
Jual Sepatu Boot Wanita - RUP 057 Murah,rup-057,"
     <div class=""product-details""><!--product-details-->
      <div class=""col-sm-5"">
       <div class=""view-product"">
        <img src=""{{ page.image }}"" alt=""{{ page.product }}"" title=""{{ page.product }}"" />
        <h3><a style=""text-decoration: none; color: #ffffff"" href=""{{ page.image }}"" target=""_blank"" title=""Klik disini untuk memperbesar"">ZOOM</a></h3>
       </div>
      </div>

      <div class=""col-sm-7"">
       <div class=""product-information""><!--/product-information-->
        <h1>{{ page.product }}</h1>
        <p>SKU: {{ page.sku }}</p>
        <img src=""{{ site.url }}/img/rating.png"" alt=""rating"" title=""rating"" /><br>
        <span>
         <span>{{ page.price }}</span>        
         <label>Beli:<a href=""{{ site.url }}/beli"" target=""_blank"" title=""Beli Sekarang"">
           <script type=""text/javascript"">
   <!--
   document.write(unescape('%3c%62%75%74%74%6f%6e%20%74%79%70%65%3d%22%62%75%74%74%6f%6e%22%20%63%6c%61%73%73%3d%22%62%74%6e%20%62%74%6e%2d%66%65%66%61%75%6c%74%20%63%61%72%74%22%3e%0d%0a%09%3c%69%20%63%6c%61%73%73%3d%22%66%61%20%66%61%2d%73%68%6f%70%70%69%6e%67%2d%63%61%72%74%22%3e%3c%2f%69%3e%0d%0a%09%42%65%6c%69%20%53%65%6b%61%72%61%6e%67%0d%0a%3c%2f%62%75%74%74%6f%6e%3e'));
   //-->
   </script>
          </a>
         </label>
        </span>
        {% include dropship-login.html %} 
        <p><b>Kondisi:</b> {{ page.kondisi }}</p>
        <p><b>Deskripsi:</b> {{ page.description }}</p>
        {% include shareit.html %}
       </div><!--/product-information-->
      </div>
     </div><!--/product-details-->
     
     <div class=""category-tab shop-details-tab""><!--category-tab-->
      <div class=""col-sm-12"">
       <ul class=""nav nav-tabs"">
        <li class=""active""><a href=""{{ site.url }}{{ page.url }}#keterangan"" data-toggle=""tab"" title=""Keterangan"">Keterangan</a></li>        
       </ul>
      </div>
      <div class=""tab-content"">
       <div class=""tab-pane fade active in"" id=""keterangan"" >
        <div class=""col-sm-12"">
         <h2>{{ page.product }}</h2>         
         <ol class=""breadcrumb"">
            <li class=""active"">Tag :</li>
            <li><a href=""{{ site.url }}/{{ page.jenis }}"" title=""{{ page.jenis }}"">{{ page.jenis }}</a></li>
            <li><a href=""{{ site.url }}/{{ page.brand }}"" title=""{{ page.brand }}"">{{ page.brand }}</a></li>  
         </ol>         
         <p>Sepatu Boot Wanita - RUP 057 adalah salah satu produk merek Raindoz. Produk fashion handmade asal Bandung yang nyaman digunakan dan tidak pasaran. Cocok untuk Anda agar terlihat lebih gaya, tampil berbeda dan percaya diri. <br/>Kode : RUP 057<br/>Warna : HITAM<br/>Bahan : KULIT<br/>Ukuran : 36 ~ 40<br/>Berat : 1100 gram<br/>Info Lainnya = SOL : TPR, 5 CM<br/>Yuk dibeli kak sebelum kehabisan. Sebelum membeli, harap cek/konfirmasi stok dulu ya kak, karena perputaran barang sangat cepat.<br>
         </p>

         <p><b>Gambar lain :</b></p>
                    <div class=""add-image"">
                      <a href=""{{ page.image1 }}"" target=""_blank"" title=""{{ page.product }}""><img src=""{{ page.image1 }}"" onerror=""this.src='{{ site.url }}/img/not-found.png'"" alt="""" title=""Klik untuk memperbesar"" /></a>
                      <a href=""{{ page.image2 }}"" target=""_blank"" title=""{{ page.product }}""><img src=""{{ page.image2 }}"" onerror=""this.src='{{ site.url }}/img/not-found.png'"" alt="""" title=""Klik untuk memperbesar"" /></a>
                      <a href=""{{ page.image3 }}"" target=""_blank"" title=""{{ page.product }}""><img src=""{{ page.image3 }}"" onerror=""this.src='{{ site.url }}/img/not-found.png'"" alt="""" title=""Klik untuk memperbesar"" /></a>
                      <a href=""{{ page.image4 }}"" target=""_blank"" title=""{{ page.product }}""><img src=""{{ page.image4 }}"" onerror=""this.src='{{ site.url }}/img/not-found.png'"" alt="""" title=""Klik untuk memperbesar"" /></a>
                      <a href=""{{ page.image5 }}"" target=""_blank"" title=""{{ page.product }}""><img src=""{{ page.image5 }}"" onerror=""this.src='{{ site.url }}/img/not-found.png'"" alt="""" title=""Klik untuk memperbesar"" /></a>                                            
                    </div>
                    <br/>

         <p style=""background-color: #5cb85c; color: #ffffff; padding: 5px; text-align: justify; display: inline-block; box-shadow: 0 1px 3px rgba(0,0,0,0.12), 0 1px 2px rgba(0,0,0,0.24);"">
         Gudang : WRH-1<br>
         Lokasi : Bandung</p>

         {% include disqus.html %}
         
        </div>
       </div>       
       
      </div>
     </div><!--/category-tab-->",2019-01-17,html,sepatu-boots-wanita,raindoz,sepatu-boots-wanita,raindoz,"Sepatu Boots Wanita Bahan KULIT, Warna HITAM, Size 36 ~ 40",https://images.lipatan.com/katalog-raindoz-2019/foto-produk-satuan/rup-057.jpg,https://images.lipatan.com/foto-berbagai-sudut/raindoz/rup-057-a.jpg,https://images.lipatan.com/foto-berbagai-sudut/raindoz/rup-057-b.jpg,https://images.lipatan.com/foto-berbagai-sudut/raindoz/rup-057-c.jpg,https://images.lipatan.com/foto-berbagai-sudut/raindoz/rup-057-d.jpg,https://images.lipatan.com/foto-berbagai-sudut/raindoz/rup-057-e.jpg,Sepatu Boot Wanita - RUP 057,Rp 237.900,Rp 194.900,Rp 214.900,RUP 057,Baru
Jual Sepatu Boot Wanita - RUP 058 Murah,rup-058,"
     <div class=""product-details""><!--product-details-->
      <div class=""col-sm-5"">
       <div class=""view-product"">
        <img src=""{{ page.image }}"" alt=""{{ page.product }}"" title=""{{ page.product }}"" />
        <h3><a style=""text-decoration: none; color: #ffffff"" href=""{{ page.image }}"" target=""_blank"" title=""Klik disini untuk memperbesar"">ZOOM</a></h3>
       </div>
      </div>

      <div class=""col-sm-7"">
       <div class=""product-information""><!--/product-information-->
        <h1>{{ page.product }}</h1>
        <p>SKU: {{ page.sku }}</p>
        <img src=""{{ site.url }}/img/rating.png"" alt=""rating"" title=""rating"" /><br>
        <span>
         <span>{{ page.price }}</span>        
         <label>Beli:<a href=""{{ site.url }}/beli"" target=""_blank"" title=""Beli Sekarang"">
           <script type=""text/javascript"">
   <!--
   document.write(unescape('%3c%62%75%74%74%6f%6e%20%74%79%70%65%3d%22%62%75%74%74%6f%6e%22%20%63%6c%61%73%73%3d%22%62%74%6e%20%62%74%6e%2d%66%65%66%61%75%6c%74%20%63%61%72%74%22%3e%0d%0a%09%3c%69%20%63%6c%61%73%73%3d%22%66%61%20%66%61%2d%73%68%6f%70%70%69%6e%67%2d%63%61%72%74%22%3e%3c%2f%69%3e%0d%0a%09%42%65%6c%69%20%53%65%6b%61%72%61%6e%67%0d%0a%3c%2f%62%75%74%74%6f%6e%3e'));
   //-->
   </script>
          </a>
         </label>
        </span>
        {% include dropship-login.html %} 
        <p><b>Kondisi:</b> {{ page.kondisi }}</p>
        <p><b>Deskripsi:</b> {{ page.description }}</p>
        {% include shareit.html %}
       </div><!--/product-information-->
      </div>
     </div><!--/product-details-->
     
     <div class=""category-tab shop-details-tab""><!--category-tab-->
      <div class=""col-sm-12"">
       <ul class=""nav nav-tabs"">
        <li class=""active""><a href=""{{ site.url }}{{ page.url }}#keterangan"" data-toggle=""tab"" title=""Keterangan"">Keterangan</a></li>        
       </ul>
      </div>
      <div class=""tab-content"">
       <div class=""tab-pane fade active in"" id=""keterangan"" >
        <div class=""col-sm-12"">
         <h2>{{ page.product }}</h2>         
         <ol class=""breadcrumb"">
            <li class=""active"">Tag :</li>
            <li><a href=""{{ site.url }}/{{ page.jenis }}"" title=""{{ page.jenis }}"">{{ page.jenis }}</a></li>
            <li><a href=""{{ site.url }}/{{ page.brand }}"" title=""{{ page.brand }}"">{{ page.brand }}</a></li>  
         </ol>         
         <p>Sepatu Boot Wanita - RUP 058 adalah salah satu produk merek Raindoz. Produk fashion handmade asal Bandung yang nyaman digunakan dan tidak pasaran. Cocok untuk Anda agar terlihat lebih gaya, tampil berbeda dan percaya diri. <br/>Kode : RUP 058<br/>Warna : HITAM<br/>Bahan : KULIT<br/>Ukuran : 36 ~ 40<br/>Berat : 1100 gram<br/>Info Lainnya = SOL : TPR, 5 CM<br/>Yuk dibeli kak sebelum kehabisan. Sebelum membeli, harap cek/konfirmasi stok dulu ya kak, karena perputaran barang sangat cepat.<br>
         </p>

         <p><b>Gambar lain :</b></p>
                    <div class=""add-image"">
                      <a href=""{{ page.image1 }}"" target=""_blank"" title=""{{ page.product }}""><img src=""{{ page.image1 }}"" onerror=""this.src='{{ site.url }}/img/not-found.png'"" alt="""" title=""Klik untuk memperbesar"" /></a>
                      <a href=""{{ page.image2 }}"" target=""_blank"" title=""{{ page.product }}""><img src=""{{ page.image2 }}"" onerror=""this.src='{{ site.url }}/img/not-found.png'"" alt="""" title=""Klik untuk memperbesar"" /></a>
                      <a href=""{{ page.image3 }}"" target=""_blank"" title=""{{ page.product }}""><img src=""{{ page.image3 }}"" onerror=""this.src='{{ site.url }}/img/not-found.png'"" alt="""" title=""Klik untuk memperbesar"" /></a>
                      <a href=""{{ page.image4 }}"" target=""_blank"" title=""{{ page.product }}""><img src=""{{ page.image4 }}"" onerror=""this.src='{{ site.url }}/img/not-found.png'"" alt="""" title=""Klik untuk memperbesar"" /></a>
                      <a href=""{{ page.image5 }}"" target=""_blank"" title=""{{ page.product }}""><img src=""{{ page.image5 }}"" onerror=""this.src='{{ site.url }}/img/not-found.png'"" alt="""" title=""Klik untuk memperbesar"" /></a>                                            
                    </div>
                    <br/>

         <p style=""background-color: #5cb85c; color: #ffffff; padding: 5px; text-align: justify; display: inline-block; box-shadow: 0 1px 3px rgba(0,0,0,0.12), 0 1px 2px rgba(0,0,0,0.24);"">
         Gudang : WRH-1<br>
         Lokasi : Bandung</p>

         {% include disqus.html %}
         
        </div>
       </div>       
       
      </div>
     </div><!--/category-tab-->",2019-01-17,html,sepatu-boots-wanita,raindoz,sepatu-boots-wanita,raindoz,"Sepatu Boots Wanita Bahan KULIT, Warna HITAM, Size 36 ~ 40",https://images.lipatan.com/katalog-raindoz-2019/foto-produk-satuan/rup-058.jpg,https://images.lipatan.com/foto-berbagai-sudut/raindoz/rup-058-a.jpg,https://images.lipatan.com/foto-berbagai-sudut/raindoz/rup-058-b.jpg,https://images.lipatan.com/foto-berbagai-sudut/raindoz/rup-058-c.jpg,https://images.lipatan.com/foto-berbagai-sudut/raindoz/rup-058-d.jpg,https://images.lipatan.com/foto-berbagai-sudut/raindoz/rup-058-e.jpg,Sepatu Boot Wanita - RUP 058,Rp 234.900,Rp 192.900,Rp 211.900,RUP 058,Baru
Jual Sepatu Boot Wanita - RAK 008 Murah,rak-008,"
     <div class=""product-details""><!--product-details-->
      <div class=""col-sm-5"">
       <div class=""view-product"">
        <img src=""{{ page.image }}"" alt=""{{ page.product }}"" title=""{{ page.product }}"" />
        <h3><a style=""text-decoration: none; color: #ffffff"" href=""{{ page.image }}"" target=""_blank"" title=""Klik disini untuk memperbesar"">ZOOM</a></h3>
       </div>
      </div>

      <div class=""col-sm-7"">
       <div class=""product-information""><!--/product-information-->
        <h1>{{ page.product }}</h1>
        <p>SKU: {{ page.sku }}</p>
        <img src=""{{ site.url }}/img/rating.png"" alt=""rating"" title=""rating"" /><br>
        <span>
         <span>{{ page.price }}</span>        
         <label>Beli:<a href=""{{ site.url }}/beli"" target=""_blank"" title=""Beli Sekarang"">
           <script type=""text/javascript"">
   <!--
   document.write(unescape('%3c%62%75%74%74%6f%6e%20%74%79%70%65%3d%22%62%75%74%74%6f%6e%22%20%63%6c%61%73%73%3d%22%62%74%6e%20%62%74%6e%2d%66%65%66%61%75%6c%74%20%63%61%72%74%22%3e%0d%0a%09%3c%69%20%63%6c%61%73%73%3d%22%66%61%20%66%61%2d%73%68%6f%70%70%69%6e%67%2d%63%61%72%74%22%3e%3c%2f%69%3e%0d%0a%09%42%65%6c%69%20%53%65%6b%61%72%61%6e%67%0d%0a%3c%2f%62%75%74%74%6f%6e%3e'));
   //-->
   </script>
          </a>
         </label>
        </span>
        {% include dropship-login.html %} 
        <p><b>Kondisi:</b> {{ page.kondisi }}</p>
        <p><b>Deskripsi:</b> {{ page.description }}</p>
        {% include shareit.html %}
       </div><!--/product-information-->
      </div>
     </div><!--/product-details-->
     
     <div class=""category-tab shop-details-tab""><!--category-tab-->
      <div class=""col-sm-12"">
       <ul class=""nav nav-tabs"">
        <li class=""active""><a href=""{{ site.url }}{{ page.url }}#keterangan"" data-toggle=""tab"" title=""Keterangan"">Keterangan</a></li>        
       </ul>
      </div>
      <div class=""tab-content"">
       <div class=""tab-pane fade active in"" id=""keterangan"" >
        <div class=""col-sm-12"">
         <h2>{{ page.product }}</h2>         
         <ol class=""breadcrumb"">
            <li class=""active"">Tag :</li>
            <li><a href=""{{ site.url }}/{{ page.jenis }}"" title=""{{ page.jenis }}"">{{ page.jenis }}</a></li>
            <li><a href=""{{ site.url }}/{{ page.brand }}"" title=""{{ page.brand }}"">{{ page.brand }}</a></li>  
         </ol>         
         <p>Sepatu Boot Wanita - RAK 008 adalah salah satu produk merek Raindoz. Produk fashion handmade asal Bandung yang nyaman digunakan dan tidak pasaran. Cocok untuk Anda agar terlihat lebih gaya, tampil berbeda dan percaya diri. <br/>Kode : RAK 008<br/>Warna : CREAM<br/>Bahan : SINTETIS<br/>Ukuran : 36 ~ 40<br/>Berat : 800 gram<br/>Info Lainnya = SOL : FIBER<br/>Yuk dibeli kak sebelum kehabisan. Sebelum membeli, harap cek/konfirmasi stok dulu ya kak, karena perputaran barang sangat cepat.<br>
         </p>

         <p><b>Gambar lain :</b></p>
                    <div class=""add-image"">
                      <a href=""{{ page.image1 }}"" target=""_blank"" title=""{{ page.product }}""><img src=""{{ page.image1 }}"" onerror=""this.src='{{ site.url }}/img/not-found.png'"" alt="""" title=""Klik untuk memperbesar"" /></a>
                      <a href=""{{ page.image2 }}"" target=""_blank"" title=""{{ page.product }}""><img src=""{{ page.image2 }}"" onerror=""this.src='{{ site.url }}/img/not-found.png'"" alt="""" title=""Klik untuk memperbesar"" /></a>
                      <a href=""{{ page.image3 }}"" target=""_blank"" title=""{{ page.product }}""><img src=""{{ page.image3 }}"" onerror=""this.src='{{ site.url }}/img/not-found.png'"" alt="""" title=""Klik untuk memperbesar"" /></a>
                      <a href=""{{ page.image4 }}"" target=""_blank"" title=""{{ page.product }}""><img src=""{{ page.image4 }}"" onerror=""this.src='{{ site.url }}/img/not-found.png'"" alt="""" title=""Klik untuk memperbesar"" /></a>
                      <a href=""{{ page.image5 }}"" target=""_blank"" title=""{{ page.product }}""><img src=""{{ page.image5 }}"" onerror=""this.src='{{ site.url }}/img/not-found.png'"" alt="""" title=""Klik untuk memperbesar"" /></a>                                            
                    </div>
                    <br/>

         <p style=""background-color: #5cb85c; color: #ffffff; padding: 5px; text-align: justify; display: inline-block; box-shadow: 0 1px 3px rgba(0,0,0,0.12), 0 1px 2px rgba(0,0,0,0.24);"">
         Gudang : WRH-1<br>
         Lokasi : Bandung</p>

         {% include disqus.html %}
         
        </div>
       </div>       
       
      </div>
     </div><!--/category-tab-->",2019-01-17,html,sepatu-boots-wanita,raindoz,sepatu-boots-wanita,raindoz,"Sepatu Boots Wanita Bahan SINTETIS, Warna CREAM, Size 36 ~ 40",https://images.lipatan.com/katalog-raindoz-2019/foto-produk-satuan/rak-008.jpg,https://images.lipatan.com/foto-berbagai-sudut/raindoz/rak-008-a.jpg,https://images.lipatan.com/foto-berbagai-sudut/raindoz/rak-008-b.jpg,https://images.lipatan.com/foto-berbagai-sudut/raindoz/rak-008-c.jpg,https://images.lipatan.com/foto-berbagai-sudut/raindoz/rak-008-d.jpg,https://images.lipatan.com/foto-berbagai-sudut/raindoz/rak-008-e.jpg,Sepatu Boot Wanita - RAK 008,Rp 166.900,Rp 136.900,Rp 150.900,RAK 008,Baru
Jual Sepatu Boot Wanita - RHG 006 Murah,rhg-006,"
     <div class=""product-details""><!--product-details-->
      <div class=""col-sm-5"">
       <div class=""view-product"">
        <img src=""{{ page.image }}"" alt=""{{ page.product }}"" title=""{{ page.product }}"" />
        <h3><a style=""text-decoration: none; color: #ffffff"" href=""{{ page.image }}"" target=""_blank"" title=""Klik disini untuk memperbesar"">ZOOM</a></h3>
       </div>
      </div>

      <div class=""col-sm-7"">
       <div class=""product-information""><!--/product-information-->
        <h1>{{ page.product }}</h1>
        <p>SKU: {{ page.sku }}</p>
        <img src=""{{ site.url }}/img/rating.png"" alt=""rating"" title=""rating"" /><br>
        <span>
         <span>{{ page.price }}</span>        
         <label>Beli:<a href=""{{ site.url }}/beli"" target=""_blank"" title=""Beli Sekarang"">
           <script type=""text/javascript"">
   <!--
   document.write(unescape('%3c%62%75%74%74%6f%6e%20%74%79%70%65%3d%22%62%75%74%74%6f%6e%22%20%63%6c%61%73%73%3d%22%62%74%6e%20%62%74%6e%2d%66%65%66%61%75%6c%74%20%63%61%72%74%22%3e%0d%0a%09%3c%69%20%63%6c%61%73%73%3d%22%66%61%20%66%61%2d%73%68%6f%70%70%69%6e%67%2d%63%61%72%74%22%3e%3c%2f%69%3e%0d%0a%09%42%65%6c%69%20%53%65%6b%61%72%61%6e%67%0d%0a%3c%2f%62%75%74%74%6f%6e%3e'));
   //-->
   </script>
          </a>
         </label>
        </span>
        {% include dropship-login.html %} 
        <p><b>Kondisi:</b> {{ page.kondisi }}</p>
        <p><b>Deskripsi:</b> {{ page.description }}</p>
        {% include shareit.html %}
       </div><!--/product-information-->
      </div>
     </div><!--/product-details-->
     
     <div class=""category-tab shop-details-tab""><!--category-tab-->
      <div class=""col-sm-12"">
       <ul class=""nav nav-tabs"">
        <li class=""active""><a href=""{{ site.url }}{{ page.url }}#keterangan"" data-toggle=""tab"" title=""Keterangan"">Keterangan</a></li>        
       </ul>
      </div>
      <div class=""tab-content"">
       <div class=""tab-pane fade active in"" id=""keterangan"" >
        <div class=""col-sm-12"">
         <h2>{{ page.product }}</h2>         
         <ol class=""breadcrumb"">
            <li class=""active"">Tag :</li>
            <li><a href=""{{ site.url }}/{{ page.jenis }}"" title=""{{ page.jenis }}"">{{ page.jenis }}</a></li>
            <li><a href=""{{ site.url }}/{{ page.brand }}"" title=""{{ page.brand }}"">{{ page.brand }}</a></li>  
         </ol>         
         <p>Sepatu Boot Wanita - RHG 006 adalah salah satu produk merek Raindoz. Produk fashion handmade asal Bandung yang nyaman digunakan dan tidak pasaran. Cocok untuk Anda agar terlihat lebih gaya, tampil berbeda dan percaya diri. <br/>Kode : RHG 006<br/>Warna : TAN<br/>Bahan : SINTETIS<br/>Ukuran : 36 ~ 40<br/>Berat : 1000 gram<br/>Info Lainnya = SOL : TPR, 5 CM<br/>Yuk dibeli kak sebelum kehabisan. Sebelum membeli, harap cek/konfirmasi stok dulu ya kak, karena perputaran barang sangat cepat.<br>
         </p>

         <p><b>Gambar lain :</b></p>
                    <div class=""add-image"">
                      <a href=""{{ page.image1 }}"" target=""_blank"" title=""{{ page.product }}""><img src=""{{ page.image1 }}"" onerror=""this.src='{{ site.url }}/img/not-found.png'"" alt="""" title=""Klik untuk memperbesar"" /></a>
                      <a href=""{{ page.image2 }}"" target=""_blank"" title=""{{ page.product }}""><img src=""{{ page.image2 }}"" onerror=""this.src='{{ site.url }}/img/not-found.png'"" alt="""" title=""Klik untuk memperbesar"" /></a>
                      <a href=""{{ page.image3 }}"" target=""_blank"" title=""{{ page.product }}""><img src=""{{ page.image3 }}"" onerror=""this.src='{{ site.url }}/img/not-found.png'"" alt="""" title=""Klik untuk memperbesar"" /></a>
                      <a href=""{{ page.image4 }}"" target=""_blank"" title=""{{ page.product }}""><img src=""{{ page.image4 }}"" onerror=""this.src='{{ site.url }}/img/not-found.png'"" alt="""" title=""Klik untuk memperbesar"" /></a>
                      <a href=""{{ page.image5 }}"" target=""_blank"" title=""{{ page.product }}""><img src=""{{ page.image5 }}"" onerror=""this.src='{{ site.url }}/img/not-found.png'"" alt="""" title=""Klik untuk memperbesar"" /></a>                                            
                    </div>
                    <br/>

         <p style=""background-color: #5cb85c; color: #ffffff; padding: 5px; text-align: justify; display: inline-block; box-shadow: 0 1px 3px rgba(0,0,0,0.12), 0 1px 2px rgba(0,0,0,0.24);"">
         Gudang : WRH-1<br>
         Lokasi : Bandung</p>

         {% include disqus.html %}
         
        </div>
       </div>       
       
      </div>
     </div><!--/category-tab-->",2019-01-17,html,sepatu-boots-wanita,raindoz,sepatu-boots-wanita,raindoz,"Sepatu Boots Wanita Bahan SINTETIS, Warna TAN, Size 36 ~ 40",https://images.lipatan.com/katalog-raindoz-2019/foto-produk-satuan/rhg-006.jpg,https://images.lipatan.com/foto-berbagai-sudut/raindoz/rhg-006-a.jpg,https://images.lipatan.com/foto-berbagai-sudut/raindoz/rhg-006-b.jpg,https://images.lipatan.com/foto-berbagai-sudut/raindoz/rhg-006-c.jpg,https://images.lipatan.com/foto-berbagai-sudut/raindoz/rhg-006-d.jpg,https://images.lipatan.com/foto-berbagai-sudut/raindoz/rhg-006-e.jpg,Sepatu Boot Wanita - RHG 006,Rp 166.900,Rp 136.900,Rp 150.900,RHG 006,Baru
Jual Sepatu Boot Wanita - RHG 021 Murah,rhg-021,"
     <div class=""product-details""><!--product-details-->
      <div class=""col-sm-5"">
       <div class=""view-product"">
        <img src=""{{ page.image }}"" alt=""{{ page.product }}"" title=""{{ page.product }}"" />
        <h3><a style=""text-decoration: none; color: #ffffff"" href=""{{ page.image }}"" target=""_blank"" title=""Klik disini untuk memperbesar"">ZOOM</a></h3>
       </div>
      </div>

      <div class=""col-sm-7"">
       <div class=""product-information""><!--/product-information-->
        <h1>{{ page.product }}</h1>
        <p>SKU: {{ page.sku }}</p>
        <img src=""{{ site.url }}/img/rating.png"" alt=""rating"" title=""rating"" /><br>
        <span>
         <span>{{ page.price }}</span>        
         <label>Beli:<a href=""{{ site.url }}/beli"" target=""_blank"" title=""Beli Sekarang"">
           <script type=""text/javascript"">
   <!--
   document.write(unescape('%3c%62%75%74%74%6f%6e%20%74%79%70%65%3d%22%62%75%74%74%6f%6e%22%20%63%6c%61%73%73%3d%22%62%74%6e%20%62%74%6e%2d%66%65%66%61%75%6c%74%20%63%61%72%74%22%3e%0d%0a%09%3c%69%20%63%6c%61%73%73%3d%22%66%61%20%66%61%2d%73%68%6f%70%70%69%6e%67%2d%63%61%72%74%22%3e%3c%2f%69%3e%0d%0a%09%42%65%6c%69%20%53%65%6b%61%72%61%6e%67%0d%0a%3c%2f%62%75%74%74%6f%6e%3e'));
   //-->
   </script>
          </a>
         </label>
        </span>
        {% include dropship-login.html %} 
        <p><b>Kondisi:</b> {{ page.kondisi }}</p>
        <p><b>Deskripsi:</b> {{ page.description }}</p>
        {% include shareit.html %}
       </div><!--/product-information-->
      </div>
     </div><!--/product-details-->
     
     <div class=""category-tab shop-details-tab""><!--category-tab-->
      <div class=""col-sm-12"">
       <ul class=""nav nav-tabs"">
        <li class=""active""><a href=""{{ site.url }}{{ page.url }}#keterangan"" data-toggle=""tab"" title=""Keterangan"">Keterangan</a></li>        
       </ul>
      </div>
      <div class=""tab-content"">
       <div class=""tab-pane fade active in"" id=""keterangan"" >
        <div class=""col-sm-12"">
         <h2>{{ page.product }}</h2>         
         <ol class=""breadcrumb"">
            <li class=""active"">Tag :</li>
            <li><a href=""{{ site.url }}/{{ page.jenis }}"" title=""{{ page.jenis }}"">{{ page.jenis }}</a></li>
            <li><a href=""{{ site.url }}/{{ page.brand }}"" title=""{{ page.brand }}"">{{ page.brand }}</a></li>  
         </ol>         
         <p>Sepatu Boot Wanita - RHG 021 adalah salah satu produk merek Raindoz. Produk fashion handmade asal Bandung yang nyaman digunakan dan tidak pasaran. Cocok untuk Anda agar terlihat lebih gaya, tampil berbeda dan percaya diri. <br/>Kode : RHG 021<br/>Warna : CREAM<br/>Bahan : SINTETIS<br/>Ukuran : 36 ~ 40<br/>Berat : 1100 gram<br/>Info Lainnya = SOL : TPR, 3 CM<br/>Yuk dibeli kak sebelum kehabisan. Sebelum membeli, harap cek/konfirmasi stok dulu ya kak, karena perputaran barang sangat cepat.<br>
         </p>

         <p><b>Gambar lain :</b></p>
                    <div class=""add-image"">
                      <a href=""{{ page.image1 }}"" target=""_blank"" title=""{{ page.product }}""><img src=""{{ page.image1 }}"" onerror=""this.src='{{ site.url }}/img/not-found.png'"" alt="""" title=""Klik untuk memperbesar"" /></a>
                      <a href=""{{ page.image2 }}"" target=""_blank"" title=""{{ page.product }}""><img src=""{{ page.image2 }}"" onerror=""this.src='{{ site.url }}/img/not-found.png'"" alt="""" title=""Klik untuk memperbesar"" /></a>
                      <a href=""{{ page.image3 }}"" target=""_blank"" title=""{{ page.product }}""><img src=""{{ page.image3 }}"" onerror=""this.src='{{ site.url }}/img/not-found.png'"" alt="""" title=""Klik untuk memperbesar"" /></a>
                      <a href=""{{ page.image4 }}"" target=""_blank"" title=""{{ page.product }}""><img src=""{{ page.image4 }}"" onerror=""this.src='{{ site.url }}/img/not-found.png'"" alt="""" title=""Klik untuk memperbesar"" /></a>
                      <a href=""{{ page.image5 }}"" target=""_blank"" title=""{{ page.product }}""><img src=""{{ page.image5 }}"" onerror=""this.src='{{ site.url }}/img/not-found.png'"" alt="""" title=""Klik untuk memperbesar"" /></a>                                            
                    </div>
                    <br/>

         <p style=""background-color: #5cb85c; color: #ffffff; padding: 5px; text-align: justify; display: inline-block; box-shadow: 0 1px 3px rgba(0,0,0,0.12), 0 1px 2px rgba(0,0,0,0.24);"">
         Gudang : WRH-1<br>
         Lokasi : Bandung</p>

         {% include disqus.html %}
         
        </div>
       </div>       
       
      </div>
     </div><!--/category-tab-->",2019-01-17,html,sepatu-boots-wanita,raindoz,sepatu-boots-wanita,raindoz,"Sepatu Boots Wanita Bahan SINTETIS, Warna CREAM, Size 36 ~ 40",https://images.lipatan.com/katalog-raindoz-2019/foto-produk-satuan/rhg-021.jpg,https://images.lipatan.com/foto-berbagai-sudut/raindoz/rhg-021-a.jpg,https://images.lipatan.com/foto-berbagai-sudut/raindoz/rhg-021-b.jpg,https://images.lipatan.com/foto-berbagai-sudut/raindoz/rhg-021-c.jpg,https://images.lipatan.com/foto-berbagai-sudut/raindoz/rhg-021-d.jpg,https://images.lipatan.com/foto-berbagai-sudut/raindoz/rhg-021-e.jpg,Sepatu Boot Wanita - RHG 021,Rp 172.900,Rp 140.900,Rp 155.900,RHG 021,Baru
